,Unnamed: 0,Unnamed: 0.1,cement,slag,flyash,water,superplasticizer,coarseaggregate,fineaggregate,age,csMPa
0,0,0,540.0,0.0,0.0,162.0,2.5,1040.0,676.0,28,79.99
1,1,1,540.0,0.0,0.0,162.0,2.5,1055.0,676.0,28,61.89
2,2,2,332.5,142.5,0.0,228.0,0.0,932.0,594.0,270,40.27
3,3,3,332.5,142.5,0.0,228.0,0.0,932.0,594.0,365,41.05
4,4,4,198.6,132.4,0.0,192.0,0.0,978.4,825.5,360,44.3
5,5,5,266.0,114.0,0.0,228.0,0.0,932.0,670.0,90,47.03
6,6,6,380.0,95.0,0.0,228.0,0.0,932.0,594.0,365,43.7
7,7,7,380.0,95.0,0.0,228.0,0.0,932.0,594.0,28,36.45
8,8,8,266.0,114.0,0.0,228.0,0.0,932.0,670.0,28,45.85
9,9,9,475.0,0.0,0.0,228.0,0.0,932.0,594.0,28,39.29
10,10,10,198.6,132.4,0.0,192.0,0.0,978.4,825.5,90,38.07
11,11,11,198.6,132.4,0.0,192.0,0.0,978.4,825.5,28,28.02
12,12,12,427.5,47.5,0.0,228.0,0.0,932.0,594.0,270,43.01
13,13,13,190.0,190.0,0.0,228.0,0.0,932.0,670.0,90,42.33
14,14,14,304.0,76.0,0.0,228.0,0.0,932.0,670.0,28,47.81
15,15,15,380.0,0.0,0.0,228.0,0.0,932.0,670.0,90,52.91
16,16,16,139.6,209.4,0.0,192.0,0.0,1047.0,806.9,90,39.36
17,17,17,342.0,38.0,0.0,228.0,0.0,932.0,670.0,365,56.14
18,18,18,380.0,95.0,0.0,228.0,0.0,932.0,594.0,90,40.56
19,19,19,475.0,0.0,0.0,228.0,0.0,932.0,594.0,180,42.62
20,20,20,427.5,47.5,0.0,228.0,0.0,932.0,594.0,180,41.84
21,21,21,139.6,209.4,0.0,192.0,0.0,1047.0,806.9,28,28.24
22,22,22,139.6,209.4,0.0,192.0,0.0,1047.0,806.9,3,8.06
23,23,23,139.6,209.4,0.0,192.0,0.0,1047.0,806.9,180,44.21
24,24,24,380.0,0.0,0.0,228.0,0.0,932.0,670.0,365,52.52
25,25,25,380.0,0.0,0.0,228.0,0.0,932.0,670.0,270,53.3
26,26,26,380.0,95.0,0.0,228.0,0.0,932.0,594.0,270,41.15
27,27,27,342.0,38.0,0.0,228.0,0.0,932.0,670.0,180,52.12
28,28,28,427.5,47.5,0.0,228.0,0.0,932.0,594.0,28,37.43
29,29,29,475.0,0.0,0.0,228.0,0.0,932.0,594.0,7,38.6
30,30,30,304.0,76.0,0.0,228.0,0.0,932.0,670.0,365,55.26
31,31,31,266.0,114.0,0.0,228.0,0.0,932.0,670.0,365,52.91
32,32,32,198.6,132.4,0.0,192.0,0.0,978.4,825.5,180,41.72
33,33,33,475.0,0.0,0.0,228.0,0.0,932.0,594.0,270,42.13
34,34,34,190.0,190.0,0.0,228.0,0.0,932.0,670.0,365,53.69
35,35,35,237.5,237.5,0.0,228.0,0.0,932.0,594.0,270,38.41
36,36,36,237.5,237.5,0.0,228.0,0.0,932.0,594.0,28,30.08
37,37,37,332.5,142.5,0.0,228.0,0.0,932.0,594.0,90,37.72
38,38,38,475.0,0.0,0.0,228.0,0.0,932.0,594.0,90,42.23
39,39,39,237.5,237.5,0.0,228.0,0.0,932.0,594.0,180,36.25
40,40,40,342.0,38.0,0.0,228.0,0.0,932.0,670.0,90,50.46
41,41,41,427.5,47.5,0.0,228.0,0.0,932.0,594.0,365,43.7
42,42,42,237.5,237.5,0.0,228.0,0.0,932.0,594.0,365,39.0
43,43,43,380.0,0.0,0.0,228.0,0.0,932.0,670.0,180,53.1
44,44,44,427.5,47.5,0.0,228.0,0.0,932.0,594.0,90,41.54
45,45,45,427.5,47.5,0.0,228.0,0.0,932.0,594.0,7,35.08
46,46,46,349.0,0.0,0.0,192.0,0.0,1047.0,806.9,3,15.05
47,47,47,380.0,95.0,0.0,228.0,0.0,932.0,594.0,180,40.76
48,48,48,237.5,237.5,0.0,228.0,0.0,932.0,594.0,7,26.26
49,49,49,380.0,95.0,0.0,228.0,0.0,932.0,594.0,7,32.82
50,50,50,332.5,142.5,0.0,228.0,0.0,932.0,594.0,180,39.78
51,51,51,190.0,190.0,0.0,228.0,0.0,932.0,670.0,180,46.93
52,52,52,237.5,237.5,0.0,228.0,0.0,932.0,594.0,90,33.12
53,53,53,304.0,76.0,0.0,228.0,0.0,932.0,670.0,90,49.19
54,54,54,139.6,209.4,0.0,192.0,0.0,1047.0,806.9,7,14.59
55,55,55,198.6,132.4,0.0,192.0,0.0,978.4,825.5,7,14.64
56,56,56,475.0,0.0,0.0,228.0,0.0,932.0,594.0,365,41.93
57,57,57,198.6,132.4,0.0,192.0,0.0,978.4,825.5,3,9.13
58,58,58,304.0,76.0,0.0,228.0,0.0,932.0,670.0,180,50.95
59,59,59,332.5,142.5,0.0,228.0,0.0,932.0,594.0,28,33.02
60,60,60,304.0,76.0,0.0,228.0,0.0,932.0,670.0,270,54.38
61,61,61,266.0,114.0,0.0,228.0,0.0,932.0,670.0,270,51.73
62,62,62,310.0,0.0,0.0,192.0,0.0,971.0,850.6,3,9.87
63,63,63,190.0,190.0,0.0,228.0,0.0,932.0,670.0,270,50.66
64,64,64,266.0,114.0,0.0,228.0,0.0,932.0,670.0,180,48.7
65,65,65,342.0,38.0,0.0,228.0,0.0,932.0,670.0,270,55.06
66,66,66,139.6,209.4,0.0,192.0,0.0,1047.0,806.9,360,44.7
67,67,67,332.5,142.5,0.0,228.0,0.0,932.0,594.0,7,30.28
68,68,68,190.0,190.0,0.0,228.0,0.0,932.0,670.0,28,40.86
69,69,69,485.0,0.0,0.0,146.0,0.0,1120.0,800.0,28,71.99
70,70,70,374.0,189.2,0.0,170.1,10.1,926.1,756.7,3,34.4
71,71,71,313.3,262.2,0.0,175.5,8.6,1046.9,611.8,3,28.8
72,72,72,425.0,106.3,0.0,153.5,16.5,852.1,887.1,3,33.4
73,73,73,425.0,106.3,0.0,151.4,18.6,936.0,803.7,3,36.3
74,74,74,375.0,93.8,0.0,126.6,23.4,852.1,992.6,3,29.0
75,75,75,475.0,118.8,0.0,181.1,8.9,852.1,781.5,3,37.8
76,76,76,469.0,117.2,0.0,137.8,32.2,852.1,840.5,3,40.2
77,77,77,425.0,106.3,0.0,153.5,16.5,852.1,887.1,3,33.4
78,78,78,388.6,97.1,0.0,157.9,12.1,852.1,925.7,3,28.1
79,79,79,531.3,0.0,0.0,141.8,28.2,852.1,893.7,3,41.3
80,80,80,425.0,106.3,0.0,153.5,16.5,852.1,887.1,3,33.4
81,81,81,318.8,212.5,0.0,155.7,14.3,852.1,880.4,3,25.2
82,82,82,401.8,94.7,0.0,147.4,11.4,946.8,852.1,3,41.1
83,83,83,362.6,189.0,0.0,164.9,11.6,944.7,755.8,3,35.3
84,84,84,323.7,282.8,0.0,183.8,10.3,942.7,659.9,3,28.3
85,85,85,379.5,151.2,0.0,153.9,15.9,1134.3,605.0,3,28.6
86,86,86,362.6,189.0,0.0,164.9,11.6,944.7,755.8,3,35.3
87,87,87,286.3,200.9,0.0,144.7,11.2,1004.6,803.7,3,24.4
88,88,88,362.6,189.0,0.0,164.9,11.6,944.7,755.8,3,35.3
89,89,89,439.0,177.0,0.0,186.0,11.1,884.9,707.9,3,39.3
90,90,90,389.9,189.0,0.0,145.9,22.0,944.7,755.8,3,40.6
91,91,91,362.6,189.0,0.0,164.9,11.6,944.7,755.8,3,35.3
92,92,92,337.9,189.0,0.0,174.9,9.5,944.7,755.8,3,24.1
93,93,93,374.0,189.2,0.0,170.1,10.1,926.1,756.7,7,46.2
94,94,94,313.3,262.2,0.0,175.5,8.6,1046.9,611.8,7,42.8
95,95,95,425.0,106.3,0.0,153.5,16.5,852.1,887.1,7,49.2
96,96,96,425.0,106.3,0.0,151.4,18.6,936.0,803.7,7,46.8
97,97,97,375.0,93.8,0.0,126.6,23.4,852.1,992.6,7,45.7
98,98,98,475.0,118.8,0.0,181.1,8.9,852.1,781.5,7,55.6
99,99,99,469.0,117.2,0.0,137.8,32.2,852.1,840.5,7,54.9
100,100,100,425.0,106.3,0.0,153.5,16.5,852.1,887.1,7,49.2
101,101,101,388.6,97.1,0.0,157.9,12.1,852.1,925.7,7,34.9
102,102,102,531.3,0.0,0.0,141.8,28.2,852.1,893.7,7,46.9
103,103,103,425.0,106.3,0.0,153.5,16.5,852.1,887.1,7,49.2
104,104,104,318.8,212.5,0.0,155.7,14.3,852.1,880.4,7,33.4
105,105,105,401.8,94.7,0.0,147.4,11.4,946.8,852.1,7,54.1
106,106,106,362.6,189.0,0.0,164.9,11.6,944.7,755.8,7,55.9
107,107,107,323.7,282.8,0.0,183.8,10.3,942.7,659.9,7,49.8
108,108,108,379.5,151.2,0.0,153.9,15.9,1134.3,605.0,7,47.1
109,109,109,362.6,189.0,0.0,164.9,11.6,944.7,755.8,7,55.9
110,110,110,286.3,200.9,0.0,144.7,11.2,1004.6,803.7,7,38.0
111,111,111,362.6,189.0,0.0,164.9,11.6,944.7,755.8,7,55.9
112,112,112,439.0,177.0,0.0,186.0,11.1,884.9,707.9,7,56.1
113,113,113,389.9,189.0,0.0,145.9,22.0,944.7,755.8,7,59.09
114,114,114,362.6,189.0,0.0,164.9,11.6,944.7,755.8,7,22.9
115,115,115,337.9,189.0,0.0,174.9,9.5,944.7,755.8,7,35.1
116,116,116,374.0,189.2,0.0,170.1,10.1,926.1,756.7,28,61.09
117,117,117,313.3,262.2,0.0,175.5,8.6,1046.9,611.8,28,59.8
118,118,118,425.0,106.3,0.0,153.5,16.5,852.1,887.1,28,60.29
119,119,119,425.0,106.3,0.0,151.4,18.6,936.0,803.7,28,61.8
120,120,120,375.0,93.8,0.0,126.6,23.4,852.1,992.6,28,56.7
121,121,121,475.0,118.8,0.0,181.1,8.9,852.1,781.5,28,68.3
122,122,122,469.0,117.2,0.0,137.8,32.2,852.1,840.5,28,66.9
123,123,123,425.0,106.3,0.0,153.5,16.5,852.1,887.1,28,60.29
124,124,124,388.6,97.1,0.0,157.9,12.1,852.1,925.7,28,50.7
125,125,125,531.3,0.0,0.0,141.8,28.2,852.1,893.7,28,56.4
126,126,126,425.0,106.3,0.0,153.5,16.5,852.1,887.1,28,60.29
127,127,127,318.8,212.5,0.0,155.7,14.3,852.1,880.4,28,55.5
128,128,128,401.8,94.7,0.0,147.4,11.4,946.8,852.1,28,68.5
129,129,129,362.6,189.0,0.0,164.9,11.6,944.7,755.8,28,71.3
130,130,130,323.7,282.8,0.0,183.8,10.3,942.7,659.9,28,74.7
131,131,131,379.5,151.2,0.0,153.9,15.9,1134.3,605.0,28,52.2
132,132,132,362.6,189.0,0.0,164.9,11.6,944.7,755.8,28,71.3
133,133,133,286.3,200.9,0.0,144.7,11.2,1004.6,803.7,28,67.7
134,134,134,362.6,189.0,0.0,164.9,11.6,944.7,755.8,28,71.3
135,135,135,439.0,177.0,0.0,186.0,11.1,884.9,707.9,28,66.0
136,136,136,389.9,189.0,0.0,145.9,22.0,944.7,755.8,28,74.5
137,137,137,362.6,189.0,0.0,164.9,11.6,944.7,755.8,28,71.3
138,138,138,337.9,189.0,0.0,174.9,9.5,944.7,755.8,28,49.9
139,139,139,374.0,189.2,0.0,170.1,10.1,926.1,756.7,56,63.4
140,140,140,313.3,262.2,0.0,175.5,8.6,1046.9,611.8,56,64.9
141,141,141,425.0,106.3,0.0,153.5,16.5,852.1,887.1,56,64.3
142,142,142,425.0,106.3,0.0,151.4,18.6,936.0,803.7,56,64.9
143,143,143,375.0,93.8,0.0,126.6,23.4,852.1,992.6,56,60.2
144,144,144,475.0,118.8,0.0,181.1,8.9,852.1,781.5,56,72.3
145,145,145,469.0,117.2,0.0,137.8,32.2,852.1,840.5,56,69.3
146,146,146,425.0,106.3,0.0,153.5,16.5,852.1,887.1,56,64.3
147,147,147,388.6,97.1,0.0,157.9,12.1,852.1,925.7,56,55.2
148,148,148,531.3,0.0,0.0,141.8,28.2,852.1,893.7,56,58.8
149,149,149,425.0,106.3,0.0,153.5,16.5,852.1,887.1,56,64.3
150,150,150,318.8,212.5,0.0,155.7,14.3,852.1,880.4,56,66.1
151,151,151,401.8,94.7,0.0,147.4,11.4,946.8,852.1,56,73.7
152,152,152,362.6,189.0,0.0,164.9,11.6,944.7,755.8,56,77.3
153,153,153,323.7,282.8,0.0,183.8,10.3,942.7,659.9,56,80.2
154,154,154,379.5,151.2,0.0,153.9,15.9,1134.3,605.0,56,54.9
155,155,155,362.6,189.0,0.0,164.9,11.6,944.7,755.8,56,77.3
156,156,156,286.3,200.9,0.0,144.7,11.2,1004.6,803.7,56,72.99
157,157,157,362.6,189.0,0.0,164.9,11.6,944.7,755.8,56,77.3
158,158,158,439.0,177.0,0.0,186.0,11.1,884.9,707.9,56,71.7
159,159,159,389.9,189.0,0.0,145.9,22.0,944.7,755.8,56,79.4
160,160,160,362.6,189.0,0.0,164.9,11.6,944.7,755.8,56,77.3
161,161,161,337.9,189.0,0.0,174.9,9.5,944.7,755.8,56,59.89
162,162,162,374.0,189.2,0.0,170.1,10.1,926.1,756.7,91,64.9
163,163,163,313.3,262.2,0.0,175.5,8.6,1046.9,611.8,91,66.6
164,164,164,425.0,106.3,0.0,153.5,16.5,852.1,887.1,91,65.2
165,165,165,425.0,106.3,0.0,151.4,18.6,936.0,803.7,91,66.7
166,166,166,375.0,93.8,0.0,126.6,23.4,852.1,992.6,91,62.5
167,167,167,475.0,118.8,0.0,181.1,8.9,852.1,781.5,91,74.19
168,168,168,469.0,117.2,0.0,137.8,32.2,852.1,840.5,91,70.7
169,169,169,425.0,106.3,0.0,153.5,16.5,852.1,887.1,91,65.2
170,170,170,388.6,97.1,0.0,157.9,12.1,852.1,925.7,91,57.6
171,171,171,531.3,0.0,0.0,141.8,28.2,852.1,893.7,91,59.2
172,172,172,425.0,106.3,0.0,153.5,16.5,852.1,887.1,91,65.2
173,173,173,318.8,212.5,0.0,155.7,14.3,852.1,880.4,91,68.1
174,174,174,401.8,94.7,0.0,147.4,11.4,946.8,852.1,91,75.5
175,175,175,362.6,189.0,0.0,164.9,11.6,944.7,755.8,91,79.3
176,176,176,379.5,151.2,0.0,153.9,15.9,1134.3,605.0,91,56.5
177,177,177,362.6,189.0,0.0,164.9,11.6,944.7,755.8,91,79.3
178,178,178,286.3,200.9,0.0,144.7,11.2,1004.6,803.7,91,76.8
179,179,179,362.6,189.0,0.0,164.9,11.6,944.7,755.8,91,79.3
180,180,180,439.0,177.0,0.0,186.0,11.1,884.9,707.9,91,73.3
181,181,181,389.9,189.0,0.0,145.9,22.0,944.7,755.8,91,82.6
182,182,182,362.6,189.0,0.0,164.9,11.6,944.7,755.8,91,79.3
183,183,183,337.9,189.0,0.0,174.9,9.5,944.7,755.8,91,67.8
184,184,184,222.4,0.0,96.7,189.3,4.5,967.1,870.3,3,11.58
185,185,185,222.4,0.0,96.7,189.3,4.5,967.1,870.3,14,24.45
186,186,186,222.4,0.0,96.7,189.3,4.5,967.1,870.3,28,24.89
187,187,187,222.4,0.0,96.7,189.3,4.5,967.1,870.3,56,29.45
188,188,188,222.4,0.0,96.7,189.3,4.5,967.1,870.3,100,40.71
189,189,189,233.8,0.0,94.6,197.9,4.6,947.0,852.2,3,10.38
190,190,190,233.8,0.0,94.6,197.9,4.6,947.0,852.2,14,22.14
191,191,191,233.8,0.0,94.6,197.9,4.6,947.0,852.2,28,22.84
192,192,192,233.8,0.0,94.6,197.9,4.6,947.0,852.2,56,27.66
193,193,193,233.8,0.0,94.6,197.9,4.6,947.0,852.2,100,34.56
194,194,194,194.7,0.0,100.5,165.6,7.5,1006.4,905.9,3,12.45
195,195,195,194.7,0.0,100.5,165.6,7.5,1006.4,905.9,14,24.99
196,196,196,194.7,0.0,100.5,165.6,7.5,1006.4,905.9,28,25.72
197,197,197,194.7,0.0,100.5,165.6,7.5,1006.4,905.9,56,33.96
198,198,198,194.7,0.0,100.5,165.6,7.5,1006.4,905.9,100,37.34
199,199,199,190.7,0.0,125.4,162.1,7.8,1090.0,804.0,3,15.04
200,200,200,190.7,0.0,125.4,162.1,7.8,1090.0,804.0,14,21.06
201,201,201,190.7,0.0,125.4,162.1,7.8,1090.0,804.0,28,26.4
202,202,202,190.7,0.0,125.4,162.1,7.8,1090.0,804.0,56,35.34
203,203,203,190.7,0.0,125.4,162.1,7.8,1090.0,804.0,100,40.57
204,204,204,212.1,0.0,121.6,180.3,5.7,1057.6,779.3,3,12.47
205,205,205,212.1,0.0,121.6,180.3,5.7,1057.6,779.3,14,20.92
206,206,206,212.1,0.0,121.6,180.3,5.7,1057.6,779.3,28,24.9
207,207,207,212.1,0.0,121.6,180.3,5.7,1057.6,779.3,56,34.2
208,208,208,212.1,0.0,121.6,180.3,5.7,1057.6,779.3,100,39.61
209,209,209,230.0,0.0,118.3,195.5,4.6,1029.4,758.6,3,10.03
210,210,210,230.0,0.0,118.3,195.5,4.6,1029.4,758.6,14,20.08
211,211,211,230.0,0.0,118.3,195.5,4.6,1029.4,758.6,28,24.48
212,212,212,230.0,0.0,118.3,195.5,4.6,1029.4,758.6,56,31.54
213,213,213,230.0,0.0,118.3,195.5,4.6,1029.4,758.6,100,35.34
214,214,214,190.3,0.0,125.2,161.9,9.9,1088.1,802.6,3,9.45
215,215,215,190.3,0.0,125.2,161.9,9.9,1088.1,802.6,14,22.72
216,216,216,190.3,0.0,125.2,161.9,9.9,1088.1,802.6,28,28.47
217,217,217,190.3,0.0,125.2,161.9,9.9,1088.1,802.6,56,38.56
218,218,218,190.3,0.0,125.2,161.9,9.9,1088.1,802.6,100,40.39
219,219,219,166.1,0.0,163.3,176.5,4.5,1058.6,780.1,3,10.76
220,220,220,166.1,0.0,163.3,176.5,4.5,1058.6,780.1,14,25.48
221,221,221,166.1,0.0,163.3,176.5,4.5,1058.6,780.1,28,21.54
222,222,222,166.1,0.0,163.3,176.5,4.5,1058.6,780.1,56,28.63
223,223,223,166.1,0.0,163.3,176.5,4.5,1058.6,780.1,100,33.54
224,224,224,168.0,42.1,163.8,121.8,5.7,1058.7,780.1,3,7.75
225,225,225,168.0,42.1,163.8,121.8,5.7,1058.7,780.1,14,17.82
226,226,226,168.0,42.1,163.8,121.8,5.7,1058.7,780.1,28,24.24
227,227,227,168.0,42.1,163.8,121.8,5.7,1058.7,780.1,56,32.85
228,228,228,168.0,42.1,163.8,121.8,5.7,1058.7,780.1,100,39.23
229,229,229,213.7,98.1,24.5,181.7,6.9,1065.8,785.4,3,18.0
230,230,230,213.7,98.1,24.5,181.7,6.9,1065.8,785.4,14,30.39
231,231,231,213.7,98.1,24.5,181.7,6.9,1065.8,785.4,28,45.71
232,232,232,213.7,98.1,24.5,181.7,6.9,1065.8,785.4,56,50.77
233,233,233,213.7,98.1,24.5,181.7,6.9,1065.8,785.4,100,53.9
234,234,234,213.8,98.1,24.5,181.7,6.7,1066.0,785.5,3,13.18
235,235,235,213.8,98.1,24.5,181.7,6.7,1066.0,785.5,14,17.84
236,236,236,213.8,98.1,24.5,181.7,6.7,1066.0,785.5,28,40.23
237,237,237,213.8,98.1,24.5,181.7,6.7,1066.0,785.5,56,47.13
238,238,238,213.8,98.1,24.5,181.7,6.7,1066.0,785.5,100,49.97
239,239,239,229.7,0.0,118.2,195.2,6.1,1028.1,757.6,3,13.36
240,240,240,229.7,0.0,118.2,195.2,6.1,1028.1,757.6,14,22.32
241,241,241,229.7,0.0,118.2,195.2,6.1,1028.1,757.6,28,24.54
242,242,242,229.7,0.0,118.2,195.2,6.1,1028.1,757.6,56,31.35
243,243,243,229.7,0.0,118.2,195.2,6.1,1028.1,757.6,100,40.86
244,244,244,238.1,0.0,94.1,186.7,7.0,949.9,847.0,3,19.93
245,245,245,238.1,0.0,94.1,186.7,7.0,949.9,847.0,14,25.69
246,246,246,238.1,0.0,94.1,186.7,7.0,949.9,847.0,28,30.23
247,247,247,238.1,0.0,94.1,186.7,7.0,949.9,847.0,56,39.59
248,248,248,238.1,0.0,94.1,186.7,7.0,949.9,847.0,100,44.3
249,249,249,250.0,0.0,95.7,187.4,5.5,956.9,861.2,3,13.82
250,250,250,250.0,0.0,95.7,187.4,5.5,956.9,861.2,14,24.92
251,251,251,250.0,0.0,95.7,187.4,5.5,956.9,861.2,28,29.22
252,252,252,250.0,0.0,95.7,187.4,5.5,956.9,861.2,56,38.33
253,253,253,250.0,0.0,95.7,187.4,5.5,956.9,861.2,100,42.35
254,254,254,212.5,0.0,100.4,159.3,8.7,1007.8,903.6,3,13.54
255,255,255,212.5,0.0,100.4,159.3,8.7,1007.8,903.6,14,26.31
256,256,256,212.5,0.0,100.4,159.3,8.7,1007.8,903.6,28,31.64
257,257,257,212.5,0.0,100.4,159.3,8.7,1007.8,903.6,56,42.55
258,258,258,212.5,0.0,100.4,159.3,8.7,1007.8,903.6,100,42.92
259,259,259,212.6,0.0,100.4,159.4,10.4,1003.8,903.8,3,13.33
260,260,260,212.6,0.0,100.4,159.4,10.4,1003.8,903.8,14,25.37
261,261,261,212.6,0.0,100.4,159.4,10.4,1003.8,903.8,28,37.4
262,262,262,212.6,0.0,100.4,159.4,10.4,1003.8,903.8,56,44.4
263,263,263,212.6,0.0,100.4,159.4,10.4,1003.8,903.8,100,47.74
264,264,264,212.0,0.0,124.8,159.0,7.8,1085.4,799.5,3,19.52
265,265,265,212.0,0.0,124.8,159.0,7.8,1085.4,799.5,14,31.35
266,266,266,212.0,0.0,124.8,159.0,7.8,1085.4,799.5,28,38.5
267,267,267,212.0,0.0,124.8,159.0,7.8,1085.4,799.5,56,45.08
268,268,268,212.0,0.0,124.8,159.0,7.8,1085.4,799.5,100,47.82
269,269,269,231.8,0.0,121.6,174.0,6.7,1056.4,778.5,3,15.44
270,270,270,231.8,0.0,121.6,174.0,6.7,1056.4,778.5,14,26.77
271,271,271,231.8,0.0,121.6,174.0,6.7,1056.4,778.5,28,33.73
272,272,272,231.8,0.0,121.6,174.0,6.7,1056.4,778.5,56,42.7
273,273,273,231.8,0.0,121.6,174.0,6.7,1056.4,778.5,100,45.84
274,274,274,251.4,0.0,118.3,188.5,5.8,1028.4,757.7,3,17.22
275,275,275,251.4,0.0,118.3,188.5,5.8,1028.4,757.7,14,29.93
276,276,276,251.4,0.0,118.3,188.5,5.8,1028.4,757.7,28,29.65
277,277,277,251.4,0.0,118.3,188.5,5.8,1028.4,757.7,56,36.97
278,278,278,251.4,0.0,118.3,188.5,5.8,1028.4,757.7,100,43.58
279,279,279,251.4,0.0,118.3,188.5,6.4,1028.4,757.7,3,13.12
280,280,280,251.4,0.0,118.3,188.5,6.4,1028.4,757.7,14,24.43
281,281,281,251.4,0.0,118.3,188.5,6.4,1028.4,757.7,28,32.66
282,282,282,251.4,0.0,118.3,188.5,6.4,1028.4,757.7,56,36.64
283,283,283,251.4,0.0,118.3,188.5,6.4,1028.4,757.7,100,44.21
284,284,284,181.4,0.0,167.0,169.6,7.6,1055.6,777.8,3,13.62
285,285,285,181.4,0.0,167.0,169.6,7.6,1055.6,777.8,14,21.6
286,286,286,181.4,0.0,167.0,169.6,7.6,1055.6,777.8,28,27.77
287,287,287,181.4,0.0,167.0,169.6,7.6,1055.6,777.8,56,35.57
288,288,288,181.4,0.0,167.0,169.6,7.6,1055.6,777.8,100,45.37
289,289,289,182.0,45.2,122.0,170.2,8.2,1059.4,780.7,3,7.32
290,290,290,182.0,45.2,122.0,170.2,8.2,1059.4,780.7,14,21.5
291,291,291,182.0,45.2,122.0,170.2,8.2,1059.4,780.7,28,31.27
292,292,292,182.0,45.2,122.0,170.2,8.2,1059.4,780.7,56,43.5
293,293,293,182.0,45.2,122.0,170.2,8.2,1059.4,780.7,100,48.67
294,294,294,168.9,42.2,124.3,158.3,10.8,1080.8,796.2,3,7.4
295,295,295,168.9,42.2,124.3,158.3,10.8,1080.8,796.2,14,23.51
296,296,296,168.9,42.2,124.3,158.3,10.8,1080.8,796.2,28,31.12
297,297,297,168.9,42.2,124.3,158.3,10.8,1080.8,796.2,56,39.15
298,298,298,168.9,42.2,124.3,158.3,10.8,1080.8,796.2,100,48.15
299,299,299,290.4,0.0,96.2,168.1,9.4,961.2,865.0,3,22.5
300,300,300,290.4,0.0,96.2,168.1,9.4,961.2,865.0,14,34.67
301,301,301,290.4,0.0,96.2,168.1,9.4,961.2,865.0,28,34.74
302,302,302,290.4,0.0,96.2,168.1,9.4,961.2,865.0,56,45.08
303,303,303,290.4,0.0,96.2,168.1,9.4,961.2,865.0,100,48.97
304,304,304,277.1,0.0,97.4,160.6,11.8,973.9,875.6,3,23.14
305,305,305,277.1,0.0,97.4,160.6,11.8,973.9,875.6,14,41.89
306,306,306,277.1,0.0,97.4,160.6,11.8,973.9,875.6,28,48.28
307,307,307,277.1,0.0,97.4,160.6,11.8,973.9,875.6,56,51.04
308,308,308,277.1,0.0,97.4,160.6,11.8,973.9,875.6,100,55.64
309,309,309,295.7,0.0,95.6,171.5,8.9,955.1,859.2,3,22.95
310,310,310,295.7,0.0,95.6,171.5,8.9,955.1,859.2,14,35.23
311,311,311,295.7,0.0,95.6,171.5,8.9,955.1,859.2,28,39.94
312,312,312,295.7,0.0,95.6,171.5,8.9,955.1,859.2,56,48.72
313,313,313,295.7,0.0,95.6,171.5,8.9,955.1,859.2,100,52.04
314,314,314,251.8,0.0,99.9,146.1,12.4,1006.0,899.8,3,21.02
315,315,315,251.8,0.0,99.9,146.1,12.4,1006.0,899.8,14,33.36
316,316,316,251.8,0.0,99.9,146.1,12.4,1006.0,899.8,28,33.94
317,317,317,251.8,0.0,99.9,146.1,12.4,1006.0,899.8,56,44.14
318,318,318,251.8,0.0,99.9,146.1,12.4,1006.0,899.8,100,45.37
319,319,319,249.1,0.0,98.8,158.1,12.8,987.8,889.0,3,15.36
320,320,320,249.1,0.0,98.8,158.1,12.8,987.8,889.0,14,28.68
321,321,321,249.1,0.0,98.8,158.1,12.8,987.8,889.0,28,30.85
322,322,322,249.1,0.0,98.8,158.1,12.8,987.8,889.0,56,42.03
323,323,323,249.1,0.0,98.8,158.1,12.8,987.8,889.0,100,51.06
324,324,324,252.3,0.0,98.8,146.3,14.2,987.8,889.0,3,21.78
325,325,325,252.3,0.0,98.8,146.3,14.2,987.8,889.0,14,42.29
326,326,326,252.3,0.0,98.8,146.3,14.2,987.8,889.0,28,50.6
327,327,327,252.3,0.0,98.8,146.3,14.2,987.8,889.0,56,55.83
328,328,328,252.3,0.0,98.8,146.3,14.2,987.8,889.0,100,60.95
329,329,329,246.8,0.0,125.1,143.3,12.0,1086.8,800.9,3,23.52
330,330,330,246.8,0.0,125.1,143.3,12.0,1086.8,800.9,14,42.22
331,331,331,246.8,0.0,125.1,143.3,12.0,1086.8,800.9,28,52.5
332,332,332,246.8,0.0,125.1,143.3,12.0,1086.8,800.9,56,60.32
333,333,333,246.8,0.0,125.1,143.3,12.0,1086.8,800.9,100,66.42
334,334,334,275.1,0.0,121.4,159.5,9.9,1053.6,777.5,3,23.8
335,335,335,275.1,0.0,121.4,159.5,9.9,1053.6,777.5,14,38.77
336,336,336,275.1,0.0,121.4,159.5,9.9,1053.6,777.5,28,51.33
337,337,337,275.1,0.0,121.4,159.5,9.9,1053.6,777.5,56,56.85
338,338,338,275.1,0.0,121.4,159.5,9.9,1053.6,777.5,100,58.61
339,339,339,297.2,0.0,117.5,174.8,9.5,1022.8,753.5,3,21.91
340,340,340,297.2,0.0,117.5,174.8,9.5,1022.8,753.5,14,36.99
341,341,341,297.2,0.0,117.5,174.8,9.5,1022.8,753.5,28,47.4
342,342,342,297.2,0.0,117.5,174.8,9.5,1022.8,753.5,56,51.96
343,343,343,297.2,0.0,117.5,174.8,9.5,1022.8,753.5,100,56.74
344,344,344,213.7,0.0,174.7,154.8,10.2,1053.5,776.4,3,17.57
345,345,345,213.7,0.0,174.7,154.8,10.2,1053.5,776.4,14,33.73
346,346,346,213.7,0.0,174.7,154.8,10.2,1053.5,776.4,28,40.15
347,347,347,213.7,0.0,174.7,154.8,10.2,1053.5,776.4,56,46.64
348,348,348,213.7,0.0,174.7,154.8,10.2,1053.5,776.4,100,50.08
349,349,349,213.5,0.0,174.2,154.6,11.7,1052.3,775.5,3,17.37
350,350,350,213.5,0.0,174.2,154.6,11.7,1052.3,775.5,14,33.7
351,351,351,213.5,0.0,174.2,154.6,11.7,1052.3,775.5,28,45.94
352,352,352,213.5,0.0,174.2,154.6,11.7,1052.3,775.5,56,51.43
353,353,353,213.5,0.0,174.2,154.6,11.7,1052.3,775.5,100,59.3
354,354,354,277.2,97.8,24.5,160.7,11.2,1061.7,782.5,3,30.45
355,355,355,277.2,97.8,24.5,160.7,11.2,1061.7,782.5,14,47.71
356,356,356,277.2,97.8,24.5,160.7,11.2,1061.7,782.5,28,63.14
357,357,357,277.2,97.8,24.5,160.7,11.2,1061.7,782.5,56,66.82
358,358,358,277.2,97.8,24.5,160.7,11.2,1061.7,782.5,100,66.95
359,359,359,218.2,54.6,123.8,140.8,11.9,1075.7,792.7,3,27.42
360,360,360,218.2,54.6,123.8,140.8,11.9,1075.7,792.7,14,35.96
361,361,361,218.2,54.6,123.8,140.8,11.9,1075.7,792.7,28,55.51
362,362,362,218.2,54.6,123.8,140.8,11.9,1075.7,792.7,56,61.99
363,363,363,218.2,54.6,123.8,140.8,11.9,1075.7,792.7,100,63.53
364,364,364,214.9,53.8,121.9,155.6,9.6,1014.3,780.6,3,18.02
365,365,365,214.9,53.8,121.9,155.6,9.6,1014.3,780.6,14,38.6
366,366,366,214.9,53.8,121.9,155.6,9.6,1014.3,780.6,28,52.2
367,367,367,214.9,53.8,121.9,155.6,9.6,1014.3,780.6,56,53.96
368,368,368,214.9,53.8,121.9,155.6,9.6,1014.3,780.6,100,56.63
369,369,369,218.9,0.0,124.1,158.5,11.3,1078.7,794.9,3,15.34
370,370,370,218.9,0.0,124.1,158.5,11.3,1078.7,794.9,14,26.05
371,371,371,218.9,0.0,124.1,158.5,11.3,1078.7,794.9,28,30.22
372,372,372,218.9,0.0,124.1,158.5,11.3,1078.7,794.9,56,37.27
373,373,373,218.9,0.0,124.1,158.5,11.3,1078.7,794.9,100,46.23
374,374,374,376.0,0.0,0.0,214.6,0.0,1003.5,762.4,3,16.28
375,375,375,376.0,0.0,0.0,214.6,0.0,1003.5,762.4,14,25.62
376,376,376,376.0,0.0,0.0,214.6,0.0,1003.5,762.4,28,31.97
377,377,377,376.0,0.0,0.0,214.6,0.0,1003.5,762.4,56,36.3
378,378,378,376.0,0.0,0.0,214.6,0.0,1003.5,762.4,100,43.06
379,379,379,500.0,0.0,0.0,140.0,4.0,966.0,853.0,28,67.57
380,380,380,475.0,0.0,59.0,142.0,1.9,1098.0,641.0,28,57.23
381,381,381,315.0,137.0,0.0,145.0,5.9,1130.0,745.0,28,81.75
382,382,382,505.0,0.0,60.0,195.0,0.0,1030.0,630.0,28,64.02
383,383,383,451.0,0.0,0.0,165.0,11.3,1030.0,745.0,28,78.8
384,384,384,516.0,0.0,0.0,162.0,8.2,801.0,802.0,28,41.37
385,385,385,520.0,0.0,0.0,170.0,5.2,855.0,855.0,28,60.28
386,386,386,528.0,0.0,0.0,185.0,6.9,920.0,720.0,28,56.83
387,387,387,520.0,0.0,0.0,175.0,5.2,870.0,805.0,28,51.02
388,388,388,385.0,0.0,136.0,158.0,20.0,903.0,768.0,28,55.55
389,389,389,500.1,0.0,0.0,200.0,3.0,1124.4,613.2,28,44.13
390,390,390,450.1,50.0,0.0,200.0,3.0,1124.4,613.2,28,39.38
391,391,391,397.0,17.2,158.0,167.0,20.8,967.0,633.0,28,55.65
392,392,392,333.0,17.5,163.0,167.0,17.9,996.0,652.0,28,47.28
393,393,393,334.0,17.6,158.0,189.0,15.3,967.0,633.0,28,44.33
394,394,394,405.0,0.0,0.0,175.0,0.0,1120.0,695.0,28,52.3
395,395,395,200.0,200.0,0.0,190.0,0.0,1145.0,660.0,28,49.25
396,396,396,516.0,0.0,0.0,162.0,8.3,801.0,802.0,28,41.37
397,397,397,145.0,116.0,119.0,184.0,5.7,833.0,880.0,28,29.16
398,398,398,160.0,128.0,122.0,182.0,6.4,824.0,879.0,28,39.4
399,399,399,234.0,156.0,0.0,189.0,5.9,981.0,760.0,28,39.3
400,400,400,250.0,180.0,95.0,159.0,9.5,860.0,800.0,28,67.87
401,401,401,475.0,0.0,0.0,162.0,9.5,1044.0,662.0,28,58.52
402,402,402,285.0,190.0,0.0,163.0,7.6,1031.0,685.0,28,53.58
403,403,403,356.0,119.0,0.0,160.0,9.0,1061.0,657.0,28,59.0
404,404,404,275.0,180.0,120.0,162.0,10.4,830.0,765.0,28,76.24
405,405,405,500.0,0.0,0.0,151.0,9.0,1033.0,655.0,28,69.84
406,406,406,165.0,0.0,143.6,163.8,0.0,1005.6,900.9,3,14.4
407,407,407,165.0,128.5,132.1,175.1,8.1,1005.8,746.6,3,19.42
408,408,408,178.0,129.8,118.6,179.9,3.6,1007.3,746.8,3,20.73
409,409,409,167.4,129.9,128.6,175.5,7.8,1006.3,746.6,3,14.94
410,410,410,172.4,13.6,172.4,156.8,4.1,1006.3,856.4,3,21.29
411,411,411,173.5,50.1,173.5,164.8,6.5,1006.2,793.5,3,23.08
412,412,412,167.0,75.4,167.0,164.0,7.9,1007.3,770.1,3,15.52
413,413,413,173.8,93.4,159.9,172.3,9.7,1007.2,746.6,3,15.82
414,414,414,190.3,0.0,125.2,166.6,9.9,1079.0,798.9,3,12.55
415,415,415,250.0,0.0,95.7,191.8,5.3,948.9,857.2,3,8.49
416,416,416,213.5,0.0,174.2,159.2,11.7,1043.6,771.9,3,15.61
417,417,417,194.7,0.0,100.5,170.2,7.5,998.0,901.8,3,12.18
418,418,418,251.4,0.0,118.3,192.9,5.8,1043.6,754.3,3,11.98
419,419,419,165.0,0.0,143.6,163.8,0.0,1005.6,900.9,14,16.88
420,420,420,165.0,128.5,132.1,175.1,8.1,1005.8,746.6,14,33.09
421,421,421,178.0,129.8,118.6,179.9,3.6,1007.3,746.8,14,34.24
422,422,422,167.4,129.9,128.6,175.5,7.8,1006.3,746.6,14,31.81
423,423,423,172.4,13.6,172.4,156.8,4.1,1006.3,856.4,14,29.75
424,424,424,173.5,50.1,173.5,164.8,6.5,1006.2,793.5,14,33.01
425,425,425,167.0,75.4,167.0,164.0,7.9,1007.3,770.1,14,32.9
426,426,426,173.8,93.4,159.9,172.3,9.7,1007.2,746.6,14,29.55
427,427,427,190.3,0.0,125.2,166.6,9.9,1079.0,798.9,14,19.42
428,428,428,250.0,0.0,95.7,191.8,5.3,948.9,857.2,14,24.66
429,429,429,213.5,0.0,174.2,159.2,11.7,1043.6,771.9,14,29.59
430,430,430,194.7,0.0,100.5,170.2,7.5,998.0,901.8,14,24.28
431,431,431,251.4,0.0,118.3,192.9,5.8,1043.6,754.3,14,20.73
432,432,432,165.0,0.0,143.6,163.8,0.0,1005.6,900.9,28,26.2
433,433,433,165.0,128.5,132.1,175.1,8.1,1005.8,746.6,28,46.39
434,434,434,178.0,129.8,118.6,179.9,3.6,1007.3,746.8,28,39.16
435,435,435,167.4,129.9,128.6,175.5,7.8,1006.3,746.6,28,41.2
436,436,436,172.4,13.6,172.4,156.8,4.1,1006.3,856.4,28,33.69
437,437,437,173.5,50.1,173.5,164.8,6.5,1006.2,793.5,28,38.2
438,438,438,167.0,75.4,167.0,164.0,7.9,1007.3,770.1,28,41.41
439,439,439,173.8,93.4,159.9,172.3,9.7,1007.2,746.6,28,37.81
440,440,440,190.3,0.0,125.2,166.6,9.9,1079.0,798.9,28,24.85
441,441,441,250.0,0.0,95.7,191.8,5.3,948.9,857.2,28,27.22
442,442,442,213.5,0.0,174.2,159.2,11.7,1043.6,771.9,28,44.64
443,443,443,194.7,0.0,100.5,170.2,7.5,998.0,901.8,28,37.27
444,444,444,251.4,0.0,118.3,192.9,5.8,1043.6,754.3,28,33.27
445,445,445,165.0,0.0,143.6,163.8,0.0,1005.6,900.9,56,36.56
446,446,446,165.0,128.5,132.1,175.1,8.1,1005.8,746.6,56,53.72
447,447,447,178.0,129.8,118.6,179.9,3.6,1007.3,746.8,56,48.59
448,448,448,167.4,129.9,128.6,175.5,7.8,1006.3,746.6,56,51.72
449,449,449,172.4,13.6,172.4,156.8,4.1,1006.3,856.4,56,35.85
450,450,450,173.5,50.1,173.5,164.8,6.5,1006.2,793.5,56,53.77
451,451,451,167.0,75.4,167.0,164.0,7.9,1007.3,770.1,56,53.46
452,452,452,173.8,93.4,159.9,172.3,9.7,1007.2,746.6,56,48.99
453,453,453,190.3,0.0,125.2,166.6,9.9,1079.0,798.9,56,31.72
454,454,454,250.0,0.0,95.7,191.8,5.3,948.9,857.2,56,39.64
455,455,455,213.5,0.0,174.2,159.2,11.7,1043.6,771.9,56,51.26
456,456,456,194.7,0.0,100.5,170.2,7.5,998.0,901.8,56,43.39
457,457,457,251.4,0.0,118.3,192.9,5.8,1043.6,754.3,56,39.27
458,458,458,165.0,0.0,143.6,163.8,0.0,1005.6,900.9,100,37.96
459,459,459,165.0,128.5,132.1,175.1,8.1,1005.8,746.6,100,55.02
460,460,460,178.0,129.8,118.6,179.9,3.6,1007.3,746.8,100,49.99
461,461,461,167.4,129.9,128.6,175.5,7.8,1006.3,746.6,100,53.66
462,462,462,172.4,13.6,172.4,156.8,4.1,1006.3,856.4,100,37.68
463,463,463,173.5,50.1,173.5,164.8,6.5,1006.2,793.5,100,56.06
464,464,464,167.0,75.4,167.0,164.0,7.9,1007.3,770.1,100,56.81
465,465,465,173.8,93.4,159.9,172.3,9.7,1007.2,746.6,100,50.94
466,466,466,190.3,0.0,125.2,166.6,9.9,1079.0,798.9,100,33.56
467,467,467,250.0,0.0,95.7,191.8,5.3,948.9,857.2,100,41.16
468,468,468,213.5,0.0,174.2,159.2,11.7,1043.6,771.9,100,52.96
469,469,469,194.7,0.0,100.5,170.2,7.5,998.0,901.8,100,44.28
470,470,470,251.4,0.0,118.3,192.9,5.8,1043.6,754.3,100,40.15
471,471,471,446.0,24.0,79.0,162.0,11.6,967.0,712.0,28,57.03
472,472,472,446.0,24.0,79.0,162.0,11.6,967.0,712.0,28,44.42
473,473,473,446.0,24.0,79.0,162.0,11.6,967.0,712.0,28,51.02
474,474,474,446.0,24.0,79.0,162.0,10.3,967.0,712.0,28,53.39
475,475,475,446.0,24.0,79.0,162.0,11.6,967.0,712.0,3,35.36
476,476,476,446.0,24.0,79.0,162.0,11.6,967.0,712.0,3,25.02
477,477,477,446.0,24.0,79.0,162.0,11.6,967.0,712.0,3,23.35
478,478,478,446.0,24.0,79.0,162.0,11.6,967.0,712.0,7,52.01
479,479,479,446.0,24.0,79.0,162.0,11.6,967.0,712.0,7,38.02
480,480,480,446.0,24.0,79.0,162.0,11.6,967.0,712.0,7,39.3
481,481,481,446.0,24.0,79.0,162.0,11.6,967.0,712.0,56,61.07
482,482,482,446.0,24.0,79.0,162.0,11.6,967.0,712.0,56,56.14
483,483,483,446.0,24.0,79.0,162.0,11.6,967.0,712.0,56,55.25
484,484,484,446.0,24.0,79.0,162.0,10.3,967.0,712.0,56,54.77
485,485,485,387.0,20.0,94.0,157.0,14.3,938.0,845.0,28,50.24
486,486,486,387.0,20.0,94.0,157.0,13.9,938.0,845.0,28,46.68
487,487,487,387.0,20.0,94.0,157.0,11.6,938.0,845.0,28,46.68
488,488,488,387.0,20.0,94.0,157.0,14.3,938.0,845.0,3,22.75
489,489,489,387.0,20.0,94.0,157.0,13.9,938.0,845.0,3,25.51
490,490,490,387.0,20.0,94.0,157.0,11.6,938.0,845.0,3,34.77
491,491,491,387.0,20.0,94.0,157.0,14.3,938.0,845.0,7,36.84
492,492,492,387.0,20.0,94.0,157.0,13.9,938.0,845.0,7,45.9
493,493,493,387.0,20.0,94.0,157.0,11.6,938.0,845.0,7,41.67
494,494,494,387.0,20.0,94.0,157.0,14.3,938.0,845.0,56,56.34
495,495,495,387.0,20.0,94.0,157.0,13.9,938.0,845.0,56,47.97
496,496,496,387.0,20.0,94.0,157.0,11.6,938.0,845.0,56,61.46
497,497,497,355.0,19.0,97.0,145.0,13.1,967.0,871.0,28,44.03
498,498,498,355.0,19.0,97.0,145.0,12.3,967.0,871.0,28,55.45
499,499,499,491.0,26.0,123.0,210.0,3.9,882.0,699.0,28,55.55
500,500,500,491.0,26.0,123.0,201.0,3.9,822.0,699.0,28,57.92
501,501,501,491.0,26.0,123.0,210.0,3.9,882.0,699.0,3,25.61
502,502,502,491.0,26.0,123.0,210.0,3.9,882.0,699.0,7,33.49
503,503,503,491.0,26.0,123.0,210.0,3.9,882.0,699.0,56,59.59
504,504,504,491.0,26.0,123.0,201.0,3.9,822.0,699.0,3,29.55
505,505,505,491.0,26.0,123.0,201.0,3.9,822.0,699.0,7,37.92
506,506,506,491.0,26.0,123.0,201.0,3.9,822.0,699.0,56,61.86
507,507,507,424.0,22.0,132.0,178.0,8.5,822.0,750.0,28,62.05
508,508,508,424.0,22.0,132.0,178.0,8.5,882.0,750.0,3,32.01
509,509,509,424.0,22.0,132.0,168.0,8.9,822.0,750.0,28,72.1
510,510,510,424.0,22.0,132.0,178.0,8.5,822.0,750.0,7,39.0
511,511,511,424.0,22.0,132.0,178.0,8.5,822.0,750.0,56,65.7
512,512,512,424.0,22.0,132.0,168.0,8.9,822.0,750.0,3,32.11
513,513,513,424.0,22.0,132.0,168.0,8.9,822.0,750.0,7,40.29
514,514,514,424.0,22.0,132.0,168.0,8.9,822.0,750.0,56,74.36
515,515,515,202.0,11.0,141.0,206.0,1.7,942.0,801.0,28,21.97
516,516,516,202.0,11.0,141.0,206.0,1.7,942.0,801.0,3,9.85
517,517,517,202.0,11.0,141.0,206.0,1.7,942.0,801.0,7,15.07
518,518,518,202.0,11.0,141.0,206.0,1.7,942.0,801.0,56,23.25
519,519,519,284.0,15.0,141.0,179.0,5.5,842.0,801.0,28,43.73
520,520,520,284.0,15.0,141.0,179.0,5.5,842.0,801.0,3,13.4
521,521,521,284.0,15.0,141.0,179.0,5.5,842.0,801.0,7,24.13
522,522,522,284.0,15.0,141.0,179.0,5.5,842.0,801.0,56,44.52
523,523,523,359.0,19.0,141.0,154.0,10.9,942.0,801.0,28,62.94
524,524,524,359.0,19.0,141.0,154.0,10.9,942.0,801.0,28,59.49
525,525,525,359.0,19.0,141.0,154.0,10.9,942.0,801.0,3,25.12
526,526,526,359.0,19.0,141.0,154.0,10.9,942.0,801.0,3,23.64
527,527,527,359.0,19.0,141.0,154.0,10.9,942.0,801.0,7,35.75
528,528,528,359.0,19.0,141.0,154.0,10.9,942.0,801.0,7,38.61
529,529,529,359.0,19.0,141.0,154.0,10.9,942.0,801.0,56,68.75
530,530,530,359.0,19.0,141.0,154.0,10.9,942.0,801.0,56,66.78
531,531,531,436.0,0.0,0.0,218.0,0.0,838.4,719.7,28,23.85
532,532,532,289.0,0.0,0.0,192.0,0.0,913.2,895.3,90,32.07
533,533,533,289.0,0.0,0.0,192.0,0.0,913.2,895.3,3,11.65
534,534,534,393.0,0.0,0.0,192.0,0.0,940.6,785.6,3,19.2
535,535,535,393.0,0.0,0.0,192.0,0.0,940.6,785.6,90,48.85
536,536,536,393.0,0.0,0.0,192.0,0.0,940.6,785.6,28,39.6
537,537,537,480.0,0.0,0.0,192.0,0.0,936.2,712.2,28,43.94
538,538,538,480.0,0.0,0.0,192.0,0.0,936.2,712.2,7,34.57
539,539,539,480.0,0.0,0.0,192.0,0.0,936.2,712.2,90,54.32
540,540,540,480.0,0.0,0.0,192.0,0.0,936.2,712.2,3,24.4
541,541,541,333.0,0.0,0.0,192.0,0.0,931.2,842.6,3,15.62
542,542,542,255.0,0.0,0.0,192.0,0.0,889.8,945.0,90,21.86
543,543,543,255.0,0.0,0.0,192.0,0.0,889.8,945.0,7,10.22
544,544,544,289.0,0.0,0.0,192.0,0.0,913.2,895.3,7,14.6
545,545,545,255.0,0.0,0.0,192.0,0.0,889.8,945.0,28,18.75
546,546,546,333.0,0.0,0.0,192.0,0.0,931.2,842.6,28,31.97
547,547,547,333.0,0.0,0.0,192.0,0.0,931.2,842.6,7,23.4
548,548,548,289.0,0.0,0.0,192.0,0.0,913.2,895.3,28,25.57
549,549,549,333.0,0.0,0.0,192.0,0.0,931.2,842.6,90,41.68
550,550,550,393.0,0.0,0.0,192.0,0.0,940.6,785.6,7,27.74
551,551,551,255.0,0.0,0.0,192.0,0.0,889.8,945.0,3,8.2
552,552,552,158.8,238.2,0.0,185.7,0.0,1040.6,734.3,7,9.62
553,553,553,239.6,359.4,0.0,185.7,0.0,941.6,664.3,7,25.42
554,554,554,238.2,158.8,0.0,185.7,0.0,1040.6,734.3,7,15.69
555,555,555,181.9,272.8,0.0,185.7,0.0,1012.4,714.3,28,27.94
556,556,556,193.5,290.2,0.0,185.7,0.0,998.2,704.3,28,32.63
557,557,557,255.5,170.3,0.0,185.7,0.0,1026.6,724.3,7,17.24
558,558,558,272.8,181.9,0.0,185.7,0.0,1012.4,714.3,7,19.77
559,559,559,239.6,359.4,0.0,185.7,0.0,941.6,664.3,28,39.44
560,560,560,220.8,147.2,0.0,185.7,0.0,1055.0,744.3,28,25.75
561,561,561,397.0,0.0,0.0,185.7,0.0,1040.6,734.3,28,33.08
562,562,562,382.5,0.0,0.0,185.7,0.0,1047.8,739.3,7,24.07
563,563,563,210.7,316.1,0.0,185.7,0.0,977.0,689.3,7,21.82
564,564,564,158.8,238.2,0.0,185.7,0.0,1040.6,734.3,28,21.07
565,565,565,295.8,0.0,0.0,185.7,0.0,1091.4,769.3,7,14.84
566,566,566,255.5,170.3,0.0,185.7,0.0,1026.6,724.3,28,32.05
567,567,567,203.5,135.7,0.0,185.7,0.0,1076.2,759.3,7,11.96
568,568,568,397.0,0.0,0.0,185.7,0.0,1040.6,734.3,7,25.45
569,569,569,381.4,0.0,0.0,185.7,0.0,1104.6,784.3,28,22.49
570,570,570,295.8,0.0,0.0,185.7,0.0,1091.4,769.3,28,25.22
571,571,571,228.0,342.1,0.0,185.7,0.0,955.8,674.3,28,39.7
572,572,572,220.8,147.2,0.0,185.7,0.0,1055.0,744.3,7,13.09
573,573,573,316.1,210.7,0.0,185.7,0.0,977.0,689.3,28,38.7
574,574,574,135.7,203.5,0.0,185.7,0.0,1076.2,759.3,7,7.51
575,575,575,238.1,0.0,0.0,185.7,0.0,1118.8,789.3,28,17.58
576,576,576,339.2,0.0,0.0,185.7,0.0,1069.2,754.3,7,21.18
577,577,577,135.7,203.5,0.0,185.7,0.0,1076.2,759.3,28,18.2
578,578,578,193.5,290.2,0.0,185.7,0.0,998.2,704.3,7,17.2
579,579,579,203.5,135.7,0.0,185.7,0.0,1076.2,759.3,28,22.63
580,580,580,290.2,193.5,0.0,185.7,0.0,998.2,704.3,7,21.86
581,581,581,181.9,272.8,0.0,185.7,0.0,1012.4,714.3,7,12.37
582,582,582,170.3,155.5,0.0,185.7,0.0,1026.6,724.3,28,25.73
583,583,583,210.7,316.1,0.0,185.7,0.0,977.0,689.3,28,37.81
584,584,584,228.0,342.1,0.0,185.7,0.0,955.8,674.3,7,21.92
585,585,585,290.2,193.5,0.0,185.7,0.0,998.2,704.3,28,33.04
586,586,586,381.4,0.0,0.0,185.7,0.0,1104.6,784.3,7,14.54
587,587,587,238.2,158.8,0.0,185.7,0.0,1040.6,734.3,28,26.91
588,588,588,186.2,124.1,0.0,185.7,0.0,1083.4,764.3,7,8.0
589,589,589,339.2,0.0,0.0,185.7,0.0,1069.2,754.3,28,31.9
590,590,590,238.1,0.0,0.0,185.7,0.0,1118.8,789.3,7,10.34
591,591,591,252.5,0.0,0.0,185.7,0.0,1111.6,784.3,28,19.77
592,592,592,382.5,0.0,0.0,185.7,0.0,1047.8,739.3,28,37.44
593,593,593,252.5,0.0,0.0,185.7,0.0,1111.6,784.3,7,11.48
594,594,594,316.1,210.7,0.0,185.7,0.0,977.0,689.3,7,24.44
595,595,595,186.2,124.1,0.0,185.7,0.0,1083.4,764.3,28,17.6
596,596,596,170.3,155.5,0.0,185.7,0.0,1026.6,724.3,7,10.73
597,597,597,272.8,181.9,0.0,185.7,0.0,1012.4,714.3,28,31.38
598,598,598,339.0,0.0,0.0,197.0,0.0,968.0,781.0,3,13.22
599,599,599,339.0,0.0,0.0,197.0,0.0,968.0,781.0,7,20.97
600,600,600,339.0,0.0,0.0,197.0,0.0,968.0,781.0,14,27.04
601,601,601,339.0,0.0,0.0,197.0,0.0,968.0,781.0,28,32.04
602,602,602,339.0,0.0,0.0,197.0,0.0,968.0,781.0,90,35.17
603,603,603,339.0,0.0,0.0,197.0,0.0,968.0,781.0,180,36.45
604,604,604,339.0,0.0,0.0,197.0,0.0,968.0,781.0,365,38.89
605,605,605,236.0,0.0,0.0,194.0,0.0,968.0,885.0,3,6.47
606,606,606,236.0,0.0,0.0,194.0,0.0,968.0,885.0,14,12.84
607,607,607,236.0,0.0,0.0,194.0,0.0,968.0,885.0,28,18.42
608,608,608,236.0,0.0,0.0,194.0,0.0,968.0,885.0,90,21.95
609,609,609,236.0,0.0,0.0,193.0,0.0,968.0,885.0,180,24.1
610,610,610,236.0,0.0,0.0,193.0,0.0,968.0,885.0,365,25.08
611,611,611,277.0,0.0,0.0,191.0,0.0,968.0,856.0,14,21.26
612,612,612,277.0,0.0,0.0,191.0,0.0,968.0,856.0,28,25.97
613,613,613,277.0,0.0,0.0,191.0,0.0,968.0,856.0,3,11.36
614,614,614,277.0,0.0,0.0,191.0,0.0,968.0,856.0,90,31.25
615,615,615,277.0,0.0,0.0,191.0,0.0,968.0,856.0,180,32.33
616,616,616,277.0,0.0,0.0,191.0,0.0,968.0,856.0,360,33.7
617,617,617,254.0,0.0,0.0,198.0,0.0,968.0,863.0,3,9.31
618,618,618,254.0,0.0,0.0,198.0,0.0,968.0,863.0,90,26.94
619,619,619,254.0,0.0,0.0,198.0,0.0,968.0,863.0,180,27.63
620,620,620,254.0,0.0,0.0,198.0,0.0,968.0,863.0,365,29.79
621,621,621,307.0,0.0,0.0,193.0,0.0,968.0,812.0,180,34.49
622,622,622,307.0,0.0,0.0,193.0,0.0,968.0,812.0,365,36.15
623,623,623,307.0,0.0,0.0,193.0,0.0,968.0,812.0,3,12.54
624,624,624,307.0,0.0,0.0,193.0,0.0,968.0,812.0,28,27.53
625,625,625,307.0,0.0,0.0,193.0,0.0,968.0,812.0,90,32.92
626,626,626,236.0,0.0,0.0,193.0,0.0,968.0,885.0,7,9.99
627,627,627,200.0,0.0,0.0,180.0,0.0,1125.0,845.0,7,7.84
628,628,628,200.0,0.0,0.0,180.0,0.0,1125.0,845.0,28,12.25
629,629,629,225.0,0.0,0.0,181.0,0.0,1113.0,833.0,7,11.17
630,630,630,225.0,0.0,0.0,181.0,0.0,1113.0,833.0,28,17.34
631,631,631,325.0,0.0,0.0,184.0,0.0,1063.0,783.0,7,17.54
632,632,632,325.0,0.0,0.0,184.0,0.0,1063.0,783.0,28,30.57
633,633,633,275.0,0.0,0.0,183.0,0.0,1088.0,808.0,7,14.2
634,634,634,275.0,0.0,0.0,183.0,0.0,1088.0,808.0,28,24.5
635,635,635,300.0,0.0,0.0,184.0,0.0,1075.0,795.0,7,15.58
636,636,636,300.0,0.0,0.0,184.0,0.0,1075.0,795.0,28,26.85
637,637,637,375.0,0.0,0.0,186.0,0.0,1038.0,758.0,7,26.06
638,638,638,375.0,0.0,0.0,186.0,0.0,1038.0,758.0,28,38.21
639,639,639,400.0,0.0,0.0,187.0,0.0,1025.0,745.0,28,43.7
640,640,640,400.0,0.0,0.0,187.0,0.0,1025.0,745.0,7,30.14
641,641,641,250.0,0.0,0.0,182.0,0.0,1100.0,820.0,7,12.73
642,642,642,250.0,0.0,0.0,182.0,0.0,1100.0,820.0,28,20.87
643,643,643,350.0,0.0,0.0,186.0,0.0,1050.0,770.0,7,20.28
644,644,644,350.0,0.0,0.0,186.0,0.0,1050.0,770.0,28,34.29
645,645,645,203.5,305.3,0.0,203.5,0.0,963.4,630.0,7,19.54
646,646,646,250.2,166.8,0.0,203.5,0.0,977.6,694.1,90,47.71
647,647,647,157.0,236.0,0.0,192.0,0.0,935.4,781.2,90,43.38
648,648,648,141.3,212.0,0.0,203.5,0.0,971.8,748.5,28,29.89
649,649,649,166.8,250.2,0.0,203.5,0.0,975.6,692.6,3,6.9
650,650,650,122.6,183.9,0.0,203.5,0.0,958.2,800.1,90,33.19
651,651,651,183.9,122.6,0.0,203.5,0.0,959.2,800.0,3,4.9
652,652,652,102.0,153.0,0.0,192.0,0.0,887.0,942.0,3,4.57
653,653,653,102.0,153.0,0.0,192.0,0.0,887.0,942.0,90,25.46
654,654,654,122.6,183.9,0.0,203.5,0.0,958.2,800.1,28,24.29
655,655,655,166.8,250.2,0.0,203.5,0.0,975.6,692.6,28,33.95
656,656,656,200.0,133.0,0.0,192.0,0.0,965.4,806.2,3,11.41
657,657,657,108.3,162.4,0.0,203.5,0.0,938.2,849.0,28,20.59
658,658,658,305.3,203.5,0.0,203.5,0.0,965.4,631.0,7,25.89
659,659,659,108.3,162.4,0.0,203.5,0.0,938.2,849.0,90,29.23
660,660,660,116.0,173.0,0.0,192.0,0.0,909.8,891.9,90,31.02
661,661,661,141.3,212.0,0.0,203.5,0.0,971.8,748.5,7,10.39
662,662,662,157.0,236.0,0.0,192.0,0.0,935.4,781.2,28,33.66
663,663,663,133.0,200.0,0.0,192.0,0.0,927.4,839.2,28,27.87
664,664,664,250.2,166.8,0.0,203.5,0.0,977.6,694.1,7,19.35
665,665,665,173.0,116.0,0.0,192.0,0.0,946.8,856.8,7,11.39
666,666,666,192.0,288.0,0.0,192.0,0.0,929.8,716.1,3,12.79
667,667,667,192.0,288.0,0.0,192.0,0.0,929.8,716.1,28,39.32
668,668,668,153.0,102.0,0.0,192.0,0.0,888.0,943.1,3,4.78
669,669,669,288.0,192.0,0.0,192.0,0.0,932.0,717.8,3,16.11
670,670,670,305.3,203.5,0.0,203.5,0.0,965.4,631.0,28,43.38
671,671,671,236.0,157.0,0.0,192.0,0.0,972.6,749.1,7,20.42
672,672,672,173.0,116.0,0.0,192.0,0.0,946.8,856.8,3,6.94
673,673,673,212.0,141.3,0.0,203.5,0.0,973.4,750.0,7,15.03
674,674,674,236.0,157.0,0.0,192.0,0.0,972.6,749.1,3,13.57
675,675,675,183.9,122.6,0.0,203.5,0.0,959.2,800.0,90,32.53
676,676,676,166.8,250.2,0.0,203.5,0.0,975.6,692.6,7,15.75
677,677,677,102.0,153.0,0.0,192.0,0.0,887.0,942.0,7,7.68
678,678,678,288.0,192.0,0.0,192.0,0.0,932.0,717.8,28,38.8
679,679,679,212.0,141.3,0.0,203.5,0.0,973.4,750.0,28,33.0
680,680,680,102.0,153.0,0.0,192.0,0.0,887.0,942.0,28,17.28
681,681,681,173.0,116.0,0.0,192.0,0.0,946.8,856.8,28,24.28
682,682,682,183.9,122.6,0.0,203.5,0.0,959.2,800.0,28,24.05
683,683,683,133.0,200.0,0.0,192.0,0.0,927.4,839.2,90,36.59
684,684,684,192.0,288.0,0.0,192.0,0.0,929.8,716.1,90,50.73
685,685,685,133.0,200.0,0.0,192.0,0.0,927.4,839.2,7,13.66
686,686,686,305.3,203.5,0.0,203.5,0.0,965.4,631.0,3,14.14
687,687,687,236.0,157.0,0.0,192.0,0.0,972.6,749.1,90,47.78
688,688,688,108.3,162.4,0.0,203.5,0.0,938.2,849.0,3,2.33
689,689,689,157.0,236.0,0.0,192.0,0.0,935.4,781.2,7,16.89
690,690,690,288.0,192.0,0.0,192.0,0.0,932.0,717.8,7,23.52
691,691,691,212.0,141.3,0.0,203.5,0.0,973.4,750.0,3,6.81
692,692,692,212.0,141.3,0.0,203.5,0.0,973.4,750.0,90,39.7
693,693,693,153.0,102.0,0.0,192.0,0.0,888.0,943.1,28,17.96
694,694,694,236.0,157.0,0.0,192.0,0.0,972.6,749.1,28,32.88
695,695,695,116.0,173.0,0.0,192.0,0.0,909.8,891.9,28,22.35
696,696,696,183.9,122.6,0.0,203.5,0.0,959.2,800.0,7,10.79
697,697,697,108.3,162.4,0.0,203.5,0.0,938.2,849.0,7,7.72
698,698,698,203.5,305.3,0.0,203.5,0.0,963.4,630.0,28,41.68
699,699,699,203.5,305.3,0.0,203.5,0.0,963.4,630.0,3,9.56
700,700,700,133.0,200.0,0.0,192.0,0.0,927.4,839.2,3,6.88
701,701,701,288.0,192.0,0.0,192.0,0.0,932.0,717.8,90,50.53
702,702,702,200.0,133.0,0.0,192.0,0.0,965.4,806.2,7,17.17
703,703,703,200.0,133.0,0.0,192.0,0.0,965.4,806.2,28,30.44
704,704,704,250.2,166.8,0.0,203.5,0.0,977.6,694.1,3,9.73
705,705,705,122.6,183.9,0.0,203.5,0.0,958.2,800.1,3,3.32
706,706,706,153.0,102.0,0.0,192.0,0.0,888.0,943.1,90,26.32
707,707,707,200.0,133.0,0.0,192.0,0.0,965.4,806.2,90,43.25
708,708,708,116.0,173.0,0.0,192.0,0.0,909.8,891.9,3,6.28
709,709,709,173.0,116.0,0.0,192.0,0.0,946.8,856.8,90,32.1
710,710,710,250.2,166.8,0.0,203.5,0.0,977.6,694.1,28,36.96
711,711,711,305.3,203.5,0.0,203.5,0.0,965.4,631.0,90,54.6
712,712,712,192.0,288.0,0.0,192.0,0.0,929.8,716.1,7,21.48
713,713,713,157.0,236.0,0.0,192.0,0.0,935.4,781.2,3,9.69
714,714,714,153.0,102.0,0.0,192.0,0.0,888.0,943.1,7,8.37
715,715,715,141.3,212.0,0.0,203.5,0.0,971.8,748.5,90,39.66
716,716,716,116.0,173.0,0.0,192.0,0.0,909.8,891.9,7,10.09
717,717,717,141.3,212.0,0.0,203.5,0.0,971.8,748.5,3,4.83
718,718,718,122.6,183.9,0.0,203.5,0.0,958.2,800.1,7,10.35
719,719,719,166.8,250.2,0.0,203.5,0.0,975.6,692.6,90,43.57
720,720,720,203.5,305.3,0.0,203.5,0.0,963.4,630.0,90,51.86
721,721,721,310.0,0.0,0.0,192.0,0.0,1012.0,830.0,3,11.85
722,722,722,310.0,0.0,0.0,192.0,0.0,1012.0,830.0,7,17.24
723,723,723,310.0,0.0,0.0,192.0,0.0,1012.0,830.0,28,27.83
724,724,724,310.0,0.0,0.0,192.0,0.0,1012.0,830.0,90,35.76
725,725,725,310.0,0.0,0.0,192.0,0.0,1012.0,830.0,120,38.7
726,726,726,331.0,0.0,0.0,192.0,0.0,1025.0,821.0,3,14.31
727,727,727,331.0,0.0,0.0,192.0,0.0,1025.0,821.0,7,17.44
728,728,728,331.0,0.0,0.0,192.0,0.0,1025.0,821.0,28,31.74
729,729,729,331.0,0.0,0.0,192.0,0.0,1025.0,821.0,90,37.91
730,730,730,331.0,0.0,0.0,192.0,0.0,1025.0,821.0,120,39.38
731,731,731,349.0,0.0,0.0,192.0,0.0,1056.0,809.0,3,15.87
732,732,732,349.0,0.0,0.0,192.0,0.0,1056.0,809.0,7,9.01
733,733,733,349.0,0.0,0.0,192.0,0.0,1056.0,809.0,28,33.61
734,734,734,349.0,0.0,0.0,192.0,0.0,1056.0,809.0,90,40.66
735,735,735,349.0,0.0,0.0,192.0,0.0,1056.0,809.0,120,40.86
736,736,736,238.0,0.0,0.0,186.0,0.0,1119.0,789.0,7,12.05
737,737,737,238.0,0.0,0.0,186.0,0.0,1119.0,789.0,28,17.54
738,738,738,296.0,0.0,0.0,186.0,0.0,1090.0,769.0,7,18.91
739,739,739,296.0,0.0,0.0,186.0,0.0,1090.0,769.0,28,25.18
740,740,740,297.0,0.0,0.0,186.0,0.0,1040.0,734.0,7,30.96
741,741,741,480.0,0.0,0.0,192.0,0.0,936.0,721.0,28,43.89
742,742,742,480.0,0.0,0.0,192.0,0.0,936.0,721.0,90,54.28
743,743,743,397.0,0.0,0.0,186.0,0.0,1040.0,734.0,28,36.94
744,744,744,281.0,0.0,0.0,186.0,0.0,1104.0,774.0,7,14.5
745,745,745,281.0,0.0,0.0,185.0,0.0,1104.0,774.0,28,22.44
746,746,746,500.0,0.0,0.0,200.0,0.0,1125.0,613.0,1,12.64
747,747,747,500.0,0.0,0.0,200.0,0.0,1125.0,613.0,3,26.06
748,748,748,500.0,0.0,0.0,200.0,0.0,1125.0,613.0,7,33.21
749,749,749,500.0,0.0,0.0,200.0,0.0,1125.0,613.0,14,36.94
750,750,750,500.0,0.0,0.0,200.0,0.0,1125.0,613.0,28,44.09
751,751,751,540.0,0.0,0.0,173.0,0.0,1125.0,613.0,7,52.61
752,752,752,540.0,0.0,0.0,173.0,0.0,1125.0,613.0,14,59.76
753,753,753,540.0,0.0,0.0,173.0,0.0,1125.0,613.0,28,67.31
754,754,754,540.0,0.0,0.0,173.0,0.0,1125.0,613.0,90,69.66
755,755,755,540.0,0.0,0.0,173.0,0.0,1125.0,613.0,180,71.62
756,756,756,540.0,0.0,0.0,173.0,0.0,1125.0,613.0,270,74.17
757,757,757,350.0,0.0,0.0,203.0,0.0,974.0,775.0,7,18.13
758,758,758,350.0,0.0,0.0,203.0,0.0,974.0,775.0,14,22.53
759,759,759,350.0,0.0,0.0,203.0,0.0,974.0,775.0,28,27.34
760,760,760,350.0,0.0,0.0,203.0,0.0,974.0,775.0,56,29.98
761,761,761,350.0,0.0,0.0,203.0,0.0,974.0,775.0,90,31.35
762,762,762,350.0,0.0,0.0,203.0,0.0,974.0,775.0,180,32.72
763,763,763,385.0,0.0,0.0,186.0,0.0,966.0,763.0,1,6.27
764,764,764,385.0,0.0,0.0,186.0,0.0,966.0,763.0,3,14.7
765,765,765,385.0,0.0,0.0,186.0,0.0,966.0,763.0,7,23.22
766,766,766,385.0,0.0,0.0,186.0,0.0,966.0,763.0,14,27.92
767,767,767,385.0,0.0,0.0,186.0,0.0,966.0,763.0,28,31.35
768,768,768,331.0,0.0,0.0,192.0,0.0,978.0,825.0,180,39.0
769,769,769,331.0,0.0,0.0,192.0,0.0,978.0,825.0,360,41.24
770,770,770,349.0,0.0,0.0,192.0,0.0,1047.0,806.0,3,14.99
771,771,771,331.0,0.0,0.0,192.0,0.0,978.0,825.0,3,13.52
772,772,772,382.0,0.0,0.0,186.0,0.0,1047.0,739.0,7,24.0
773,773,773,382.0,0.0,0.0,186.0,0.0,1047.0,739.0,28,37.42
774,774,774,382.0,0.0,0.0,186.0,0.0,1111.0,784.0,7,11.47
775,775,775,281.0,0.0,0.0,186.0,0.0,1104.0,774.0,28,22.44
776,776,776,339.0,0.0,0.0,185.0,0.0,1069.0,754.0,7,21.16
777,777,777,339.0,0.0,0.0,185.0,0.0,1069.0,754.0,28,31.84
778,778,778,295.0,0.0,0.0,185.0,0.0,1069.0,769.0,7,14.8
779,779,779,295.0,0.0,0.0,185.0,0.0,1069.0,769.0,28,25.18
780,780,780,238.0,0.0,0.0,185.0,0.0,1118.0,789.0,28,17.54
781,781,781,296.0,0.0,0.0,192.0,0.0,1085.0,765.0,7,14.2
782,782,782,296.0,0.0,0.0,192.0,0.0,1085.0,765.0,28,21.65
783,783,783,296.0,0.0,0.0,192.0,0.0,1085.0,765.0,90,29.39
784,784,784,331.0,0.0,0.0,192.0,0.0,879.0,825.0,3,13.52
785,785,785,331.0,0.0,0.0,192.0,0.0,978.0,825.0,7,16.26
786,786,786,331.0,0.0,0.0,192.0,0.0,978.0,825.0,28,31.45
787,787,787,331.0,0.0,0.0,192.0,0.0,978.0,825.0,90,37.23
788,788,788,349.0,0.0,0.0,192.0,0.0,1047.0,806.0,7,18.13
789,789,789,349.0,0.0,0.0,192.0,0.0,1047.0,806.0,28,32.72
790,790,790,349.0,0.0,0.0,192.0,0.0,1047.0,806.0,90,39.49
791,791,791,349.0,0.0,0.0,192.0,0.0,1047.0,806.0,180,41.05
792,792,792,349.0,0.0,0.0,192.0,0.0,1047.0,806.0,360,42.13
793,793,793,302.0,0.0,0.0,203.0,0.0,974.0,817.0,14,18.13
794,794,794,302.0,0.0,0.0,203.0,0.0,974.0,817.0,180,26.74
795,795,795,525.0,0.0,0.0,189.0,0.0,1125.0,613.0,180,61.92
796,796,796,500.0,0.0,0.0,200.0,0.0,1125.0,613.0,90,47.22
797,797,797,500.0,0.0,0.0,200.0,0.0,1125.0,613.0,180,51.04
798,798,798,500.0,0.0,0.0,200.0,0.0,1125.0,613.0,270,55.16
799,799,799,540.0,0.0,0.0,173.0,0.0,1125.0,613.0,3,41.64
800,800,800,252.0,0.0,0.0,185.0,0.0,1111.0,784.0,7,13.71
801,801,801,252.0,0.0,0.0,185.0,0.0,1111.0,784.0,28,19.69
802,802,802,339.0,0.0,0.0,185.0,0.0,1060.0,754.0,28,31.65
803,803,803,393.0,0.0,0.0,192.0,0.0,940.0,758.0,3,19.11
804,804,804,393.0,0.0,0.0,192.0,0.0,940.0,758.0,28,39.58
805,805,805,393.0,0.0,0.0,192.0,0.0,940.0,758.0,90,48.79
806,806,806,382.0,0.0,0.0,185.0,0.0,1047.0,739.0,7,24.0
807,807,807,382.0,0.0,0.0,185.0,0.0,1047.0,739.0,28,37.42
808,808,808,252.0,0.0,0.0,186.0,0.0,1111.0,784.0,7,11.47
809,809,809,252.0,0.0,0.0,185.0,0.0,1111.0,784.0,28,19.69
810,810,810,310.0,0.0,0.0,192.0,0.0,970.0,850.0,7,14.99
811,811,811,310.0,0.0,0.0,192.0,0.0,970.0,850.0,28,27.92
812,812,812,310.0,0.0,0.0,192.0,0.0,970.0,850.0,90,34.68
813,813,813,310.0,0.0,0.0,192.0,0.0,970.0,850.0,180,37.33
814,814,814,310.0,0.0,0.0,192.0,0.0,970.0,850.0,360,38.11
815,815,815,525.0,0.0,0.0,189.0,0.0,1125.0,613.0,3,33.8
816,816,816,525.0,0.0,0.0,189.0,0.0,1125.0,613.0,7,42.42
817,817,817,525.0,0.0,0.0,189.0,0.0,1125.0,613.0,14,48.4
818,818,818,525.0,0.0,0.0,189.0,0.0,1125.0,613.0,28,55.94
819,819,819,525.0,0.0,0.0,189.0,0.0,1125.0,613.0,90,58.78
820,820,820,525.0,0.0,0.0,189.0,0.0,1125.0,613.0,270,67.11
821,821,821,322.0,0.0,0.0,203.0,0.0,974.0,800.0,14,20.77
822,822,822,322.0,0.0,0.0,203.0,0.0,974.0,800.0,28,25.18
823,823,823,322.0,0.0,0.0,203.0,0.0,974.0,800.0,180,29.59
824,824,824,302.0,0.0,0.0,203.0,0.0,974.0,817.0,28,21.75
825,825,825,397.0,0.0,0.0,185.0,0.0,1040.0,734.0,28,39.09
826,826,826,480.0,0.0,0.0,192.0,0.0,936.0,721.0,3,24.39
827,827,827,522.0,0.0,0.0,146.0,0.0,896.0,896.0,7,50.51
828,828,828,522.0,0.0,0.0,146.0,0.0,896.0,896.0,28,74.99
829,829,829,273.0,105.0,82.0,210.0,9.0,904.0,680.0,28,37.17
830,830,830,162.0,190.0,148.0,179.0,19.0,838.0,741.0,28,33.76
831,831,831,154.0,144.0,112.0,220.0,10.0,923.0,658.0,28,16.5
832,832,832,147.0,115.0,89.0,202.0,9.0,860.0,829.0,28,19.99
833,833,833,152.0,178.0,139.0,168.0,18.0,944.0,695.0,28,36.35
834,834,834,310.0,143.0,111.0,168.0,22.0,914.0,651.0,28,33.69
835,835,835,144.0,0.0,175.0,158.0,18.0,943.0,844.0,28,15.42
836,836,836,304.0,140.0,0.0,214.0,6.0,895.0,722.0,28,33.42
837,837,837,374.0,0.0,0.0,190.0,7.0,1013.0,730.0,28,39.05
838,838,838,159.0,149.0,116.0,175.0,15.0,953.0,720.0,28,27.68
839,839,839,153.0,239.0,0.0,200.0,6.0,1002.0,684.0,28,26.86
840,840,840,310.0,143.0,0.0,168.0,10.0,914.0,804.0,28,45.3
841,841,841,305.0,0.0,100.0,196.0,10.0,959.0,705.0,28,30.12
842,842,842,151.0,0.0,184.0,167.0,12.0,991.0,772.0,28,15.57
843,843,843,142.0,167.0,130.0,174.0,11.0,883.0,785.0,28,44.61
844,844,844,298.0,137.0,107.0,201.0,6.0,878.0,655.0,28,53.52
845,845,845,321.0,164.0,0.0,190.0,5.0,870.0,774.0,28,57.21
846,846,846,366.0,187.0,0.0,191.0,7.0,824.0,757.0,28,65.91
847,847,847,280.0,129.0,100.0,172.0,9.0,825.0,805.0,28,52.82
848,848,848,252.0,97.0,76.0,194.0,8.0,835.0,821.0,28,33.4
849,849,849,165.0,0.0,150.0,182.0,12.0,1023.0,729.0,28,18.03
850,850,850,156.0,243.0,0.0,180.0,11.0,1022.0,698.0,28,37.36
851,851,851,160.0,188.0,146.0,203.0,11.0,829.0,710.0,28,32.84
852,852,852,298.0,0.0,107.0,186.0,6.0,879.0,815.0,28,42.64
853,853,853,318.0,0.0,126.0,210.0,6.0,861.0,737.0,28,40.06
854,854,854,287.0,121.0,94.0,188.0,9.0,904.0,696.0,28,41.94
855,855,855,326.0,166.0,0.0,174.0,9.0,882.0,790.0,28,61.23
856,856,856,356.0,0.0,142.0,193.0,11.0,801.0,778.0,28,40.87
857,857,857,132.0,207.0,161.0,179.0,5.0,867.0,736.0,28,33.3
858,858,858,322.0,149.0,0.0,186.0,8.0,951.0,709.0,28,52.42
859,859,859,164.0,0.0,200.0,181.0,13.0,849.0,846.0,28,15.09
860,860,860,314.0,0.0,113.0,170.0,10.0,925.0,783.0,28,38.46
861,861,861,321.0,0.0,128.0,182.0,11.0,870.0,780.0,28,37.26
862,862,862,140.0,164.0,128.0,237.0,6.0,869.0,656.0,28,35.23
863,863,863,288.0,121.0,0.0,177.0,7.0,908.0,829.0,28,42.13
864,864,864,298.0,0.0,107.0,210.0,11.0,880.0,744.0,28,31.87
865,865,865,265.0,111.0,86.0,195.0,6.0,833.0,790.0,28,41.54
866,866,866,160.0,250.0,0.0,168.0,12.0,1049.0,688.0,28,39.45
867,867,867,166.0,260.0,0.0,183.0,13.0,859.0,827.0,28,37.91
868,868,868,276.0,116.0,90.0,180.0,9.0,870.0,768.0,28,44.28
869,869,869,322.0,0.0,116.0,196.0,10.0,818.0,813.0,28,31.18
870,870,870,149.0,139.0,109.0,193.0,6.0,892.0,780.0,28,23.69
871,871,871,159.0,187.0,0.0,176.0,11.0,990.0,789.0,28,32.76
872,872,872,261.0,100.0,78.0,201.0,9.0,864.0,761.0,28,32.4
873,873,873,237.0,92.0,71.0,247.0,6.0,853.0,695.0,28,28.63
874,874,874,313.0,0.0,113.0,178.0,8.0,1002.0,689.0,28,36.8
875,875,875,155.0,183.0,0.0,193.0,9.0,1047.0,697.0,28,18.28
876,876,876,146.0,230.0,0.0,202.0,3.0,827.0,872.0,28,33.06
877,877,877,296.0,0.0,107.0,221.0,11.0,819.0,778.0,28,31.42
878,878,878,133.0,210.0,0.0,196.0,3.0,949.0,795.0,28,31.03
879,879,879,313.0,145.0,0.0,178.0,8.0,867.0,824.0,28,44.39
880,880,880,152.0,0.0,112.0,184.0,8.0,992.0,816.0,28,12.18
881,881,881,153.0,145.0,113.0,178.0,8.0,1002.0,689.0,28,25.56
882,882,882,140.0,133.0,103.0,200.0,7.0,916.0,753.0,28,36.44
883,883,883,149.0,236.0,0.0,176.0,13.0,847.0,893.0,28,32.96
884,884,884,300.0,0.0,120.0,212.0,10.0,878.0,728.0,28,23.84
885,885,885,153.0,145.0,113.0,178.0,8.0,867.0,824.0,28,26.23
886,886,886,148.0,0.0,137.0,158.0,16.0,1002.0,830.0,28,17.95
887,887,887,326.0,0.0,138.0,199.0,11.0,801.0,792.0,28,40.68
888,888,888,153.0,145.0,0.0,178.0,8.0,1000.0,822.0,28,19.01
889,889,889,262.0,111.0,86.0,195.0,5.0,895.0,733.0,28,33.72
890,890,890,158.0,0.0,195.0,220.0,11.0,898.0,713.0,28,8.54
891,891,891,151.0,0.0,185.0,167.0,16.0,1074.0,678.0,28,13.46
892,892,892,273.0,0.0,90.0,199.0,11.0,931.0,762.0,28,32.24
893,893,893,149.0,118.0,92.0,183.0,7.0,953.0,780.0,28,23.52
894,894,894,143.0,169.0,143.0,191.0,8.0,967.0,643.0,28,29.72
895,895,895,260.0,101.0,78.0,171.0,10.0,936.0,763.0,28,49.77
896,896,896,313.0,161.0,0.0,178.0,10.0,917.0,759.0,28,52.44
897,897,897,284.0,120.0,0.0,168.0,7.0,970.0,794.0,28,40.93
898,898,898,336.0,0.0,0.0,182.0,3.0,986.0,817.0,28,44.86
899,899,899,145.0,0.0,134.0,181.0,11.0,979.0,812.0,28,13.2
900,900,900,150.0,237.0,0.0,174.0,12.0,1069.0,675.0,28,37.43
901,901,901,144.0,170.0,133.0,192.0,8.0,814.0,805.0,28,29.87
902,902,902,331.0,170.0,0.0,195.0,8.0,811.0,802.0,28,56.61
903,903,903,155.0,0.0,143.0,193.0,9.0,1047.0,697.0,28,12.46
904,904,904,155.0,183.0,0.0,193.0,9.0,877.0,868.0,28,23.79
905,905,905,135.0,0.0,166.0,180.0,10.0,961.0,805.0,28,13.29
906,906,906,266.0,112.0,87.0,178.0,10.0,910.0,745.0,28,39.42
907,907,907,314.0,145.0,113.0,179.0,8.0,869.0,690.0,28,46.23
908,908,908,313.0,145.0,0.0,127.0,8.0,1000.0,822.0,28,44.52
909,909,909,146.0,173.0,0.0,182.0,3.0,986.0,817.0,28,23.74
910,910,910,144.0,136.0,106.0,178.0,7.0,941.0,774.0,28,26.14
911,911,911,148.0,0.0,182.0,181.0,15.0,839.0,884.0,28,15.52
912,912,912,277.0,117.0,91.0,191.0,7.0,946.0,666.0,28,43.57
913,913,913,298.0,0.0,107.0,164.0,13.0,953.0,784.0,28,35.86
914,914,914,313.0,145.0,0.0,178.0,8.0,1002.0,689.0,28,41.05
915,915,915,155.0,184.0,143.0,194.0,9.0,880.0,699.0,28,28.99
916,916,916,289.0,134.0,0.0,195.0,6.0,924.0,760.0,28,46.24
917,917,917,148.0,175.0,0.0,171.0,2.0,1000.0,828.0,28,26.92
918,918,918,145.0,0.0,179.0,202.0,8.0,824.0,869.0,28,10.54
919,919,919,313.0,0.0,0.0,178.0,8.0,1000.0,822.0,28,25.1
920,920,920,136.0,162.0,126.0,172.0,10.0,923.0,764.0,28,29.07
921,921,921,155.0,0.0,143.0,193.0,9.0,877.0,868.0,28,9.74
922,922,922,255.0,99.0,77.0,189.0,6.0,919.0,749.0,28,33.8
923,923,923,162.0,207.0,172.0,216.0,10.0,822.0,638.0,28,39.84
924,924,924,136.0,196.0,98.0,199.0,6.0,847.0,783.0,28,26.97
925,925,925,164.0,163.0,128.0,197.0,8.0,961.0,641.0,28,27.23
926,926,926,162.0,214.0,164.0,202.0,10.0,820.0,680.0,28,30.65
927,927,927,157.0,214.0,152.0,200.0,9.0,819.0,704.0,28,33.05
928,928,928,149.0,153.0,194.0,192.0,8.0,935.0,623.0,28,24.58
929,929,929,135.0,105.0,193.0,196.0,6.0,965.0,643.0,28,21.91
930,930,930,159.0,209.0,161.0,201.0,7.0,848.0,669.0,28,30.88
931,931,931,144.0,15.0,195.0,176.0,6.0,1021.0,709.0,28,15.34
932,932,932,154.0,174.0,185.0,228.0,7.0,845.0,612.0,28,24.34
933,933,933,167.0,187.0,195.0,185.0,7.0,898.0,636.0,28,23.89
934,934,934,184.0,86.0,190.0,213.0,6.0,923.0,623.0,28,22.93
935,935,935,156.0,178.0,187.0,221.0,7.0,854.0,614.0,28,29.41
936,936,936,236.9,91.7,71.5,246.9,6.0,852.9,695.4,28,28.63
937,937,937,313.3,0.0,113.0,178.5,8.0,1001.9,688.7,28,36.8
938,938,938,154.8,183.4,0.0,193.3,9.1,1047.4,696.7,28,18.29
939,939,939,145.9,230.5,0.0,202.5,3.4,827.0,871.8,28,32.72
940,940,940,296.0,0.0,106.7,221.4,10.5,819.2,778.4,28,31.42
941,941,941,133.1,210.2,0.0,195.7,3.1,949.4,795.3,28,28.94
942,942,942,313.3,145.0,0.0,178.5,8.0,867.2,824.0,28,40.93
943,943,943,151.6,0.0,111.9,184.4,7.9,992.0,815.9,28,12.18
944,944,944,153.1,145.0,113.0,178.5,8.0,1001.9,688.7,28,25.56
945,945,945,139.9,132.6,103.3,200.3,7.4,916.0,753.4,28,36.44
946,946,946,149.5,236.0,0.0,175.8,12.6,846.8,892.7,28,32.96
947,947,947,299.8,0.0,119.8,211.5,9.9,878.2,727.6,28,23.84
948,948,948,153.1,145.0,113.0,178.5,8.0,867.2,824.0,28,26.23
949,949,949,148.1,0.0,136.6,158.1,16.1,1001.8,830.1,28,17.96
950,950,950,326.5,0.0,137.9,199.0,10.8,801.1,792.5,28,38.63
951,951,951,152.7,144.7,0.0,178.1,8.0,999.7,822.2,28,19.01
952,952,952,261.9,110.5,86.1,195.4,5.0,895.2,732.6,28,33.72
953,953,953,158.4,0.0,194.9,219.7,11.0,897.7,712.9,28,8.54
954,954,954,150.7,0.0,185.3,166.7,15.6,1074.5,678.0,28,13.46
955,955,955,272.6,0.0,89.6,198.7,10.6,931.3,762.2,28,32.25
956,956,956,149.0,117.6,91.7,182.9,7.1,953.4,780.3,28,23.52
957,957,957,143.0,169.4,142.7,190.7,8.4,967.4,643.5,28,29.73
958,958,958,259.9,100.6,78.4,170.6,10.4,935.7,762.9,28,49.77
959,959,959,312.9,160.5,0.0,177.6,9.6,916.6,759.5,28,52.45
960,960,960,284.0,119.7,0.0,168.3,7.2,970.4,794.2,28,40.93
961,961,961,336.5,0.0,0.0,181.9,3.4,985.8,816.8,28,44.87
962,962,962,144.8,0.0,133.6,180.8,11.1,979.5,811.5,28,13.2
963,963,963,150.0,236.8,0.0,173.8,11.9,1069.3,674.8,28,37.43
964,964,964,143.7,170.2,132.6,191.6,8.5,814.1,805.3,28,29.87
965,965,965,330.5,169.6,0.0,194.9,8.1,811.0,802.3,28,56.62
966,966,966,154.8,0.0,142.8,193.3,9.1,1047.4,696.7,28,12.46
967,967,967,154.8,183.4,0.0,193.3,9.1,877.2,867.7,28,23.79
968,968,968,134.7,0.0,165.7,180.2,10.0,961.0,804.9,28,13.29
969,969,969,266.2,112.3,87.5,177.9,10.4,909.7,744.5,28,39.42
970,970,970,314.0,145.3,113.2,178.9,8.0,869.1,690.2,28,46.23
971,971,971,312.7,144.7,0.0,127.3,8.0,999.7,822.2,28,44.52
972,972,972,145.7,172.6,0.0,181.9,3.4,985.8,816.8,28,23.74
973,973,973,143.8,136.3,106.2,178.1,7.5,941.5,774.3,28,26.15
974,974,974,148.1,0.0,182.1,181.4,15.0,838.9,884.3,28,15.53
975,975,975,277.0,116.8,91.0,190.6,7.0,946.5,665.6,28,43.58
976,976,976,298.1,0.0,107.5,163.6,12.8,953.2,784.0,28,35.87
977,977,977,313.3,145.0,0.0,178.5,8.0,1001.9,688.7,28,41.05
978,978,978,155.2,183.9,143.2,193.8,9.2,879.6,698.5,28,28.99
979,979,979,289.0,133.7,0.0,194.9,5.5,924.1,760.1,28,46.25
980,980,980,147.8,175.1,0.0,171.2,2.2,1000.0,828.5,28,26.92
981,981,981,145.4,0.0,178.9,201.7,7.8,824.0,868.7,28,10.54
982,982,982,312.7,0.0,0.0,178.1,8.0,999.7,822.2,28,25.1
983,983,983,136.4,161.6,125.8,171.6,10.4,922.6,764.4,28,29.07
984,984,984,154.8,0.0,142.8,193.3,9.1,877.2,867.7,28,9.74
985,985,985,255.3,98.8,77.0,188.6,6.5,919.0,749.3,28,33.8
986,986,986,272.8,105.1,81.8,209.7,9.0,904.0,679.7,28,37.17
987,987,987,162.0,190.1,148.1,178.8,18.8,838.1,741.4,28,33.76
988,988,988,153.6,144.2,112.3,220.1,10.1,923.2,657.9,28,16.5
989,989,989,146.5,114.6,89.3,201.9,8.8,860.0,829.5,28,19.99
990,990,990,151.8,178.1,138.7,167.5,18.3,944.0,694.6,28,36.35
991,991,991,309.9,142.8,111.2,167.8,22.1,913.9,651.2,28,38.22
992,992,992,143.6,0.0,174.9,158.4,17.9,942.7,844.5,28,15.42
993,993,993,303.6,139.9,0.0,213.5,6.2,895.5,722.5,28,33.42
994,994,994,374.3,0.0,0.0,190.2,6.7,1013.2,730.4,28,39.06
995,995,995,158.6,148.9,116.0,175.1,15.0,953.3,719.7,28,27.68
996,996,996,152.6,238.7,0.0,200.0,6.3,1001.8,683.9,28,26.86
997,997,997,310.0,142.8,0.0,167.9,10.0,914.3,804.0,28,45.3
998,998,998,304.8,0.0,99.6,196.0,9.8,959.4,705.2,28,30.12
999,999,999,150.9,0.0,183.9,166.6,11.6,991.2,772.2,28,15.57
1000,1000,1000,141.9,166.6,129.7,173.5,10.9,882.6,785.3,28,44.61
1001,1001,1001,297.8,137.2,106.9,201.3,6.0,878.4,655.3,28,53.52
1002,1002,1002,321.3,164.2,0.0,190.5,4.6,870.0,774.0,28,57.22
1003,1003,1003,366.0,187.0,0.0,191.3,6.6,824.3,756.9,28,65.91
1004,1004,1004,279.8,128.9,100.4,172.4,9.5,825.1,804.9,28,52.83
1005,1005,1005,252.1,97.1,75.6,193.8,8.3,835.5,821.4,28,33.4
1006,1006,1006,164.6,0.0,150.4,181.6,11.7,1023.3,728.9,28,18.03
1007,1007,1007,155.6,243.5,0.0,180.3,10.7,1022.0,697.7,28,37.36
1008,1008,1008,160.2,188.0,146.4,203.2,11.3,828.7,709.7,28,35.31
1009,1009,1009,298.1,0.0,107.0,186.4,6.1,879.0,815.2,28,42.64
1010,1010,1010,317.9,0.0,126.5,209.7,5.7,860.5,736.6,28,40.06
1011,1011,1011,287.3,120.5,93.9,187.6,9.2,904.4,695.9,28,43.8
1012,1012,1012,325.6,166.4,0.0,174.0,8.9,881.6,790.0,28,61.24
1013,1013,1013,355.9,0.0,141.6,193.3,11.0,801.4,778.4,28,40.87
1014,1014,1014,132.0,206.5,160.9,178.9,5.5,866.9,735.6,28,33.31
1015,1015,1015,322.5,148.6,0.0,185.8,8.5,951.0,709.5,28,52.43
1016,1016,1016,164.2,0.0,200.1,181.2,12.6,849.3,846.0,28,15.09
1017,1017,1017,313.8,0.0,112.6,169.9,10.1,925.3,782.9,28,38.46
1018,1018,1018,321.4,0.0,127.9,182.5,11.5,870.1,779.7,28,37.27
1019,1019,1019,139.7,163.9,127.7,236.7,5.8,868.6,655.6,28,35.23
1020,1020,1020,288.4,121.0,0.0,177.4,7.0,907.9,829.5,28,42.14
1021,1021,1021,298.2,0.0,107.0,209.7,11.1,879.6,744.2,28,31.88
1022,1022,1022,264.5,111.0,86.5,195.5,5.9,832.6,790.4,28,41.54
1023,1023,1023,159.8,250.0,0.0,168.4,12.2,1049.3,688.2,28,39.46
1024,1024,1024,166.0,259.7,0.0,183.2,12.7,858.8,826.8,28,37.92
1025,1025,1025,276.4,116.0,90.3,179.6,8.9,870.1,768.3,28,44.28
1026,1026,1026,322.2,0.0,115.6,196.0,10.4,817.9,813.4,28,31.18
1027,1027,1027,148.5,139.4,108.6,192.7,6.1,892.4,780.0,28,23.7
1028,1028,1028,159.1,186.7,0.0,175.6,11.3,989.6,788.9,28,32.77
1029,1029,1029,260.9,100.5,78.3,200.6,8.6,864.5,761.5,28,32.4
